iteration,openmm_time,gromacs_time
0,0.7101223330246285,0.8527489580446854
1,0.6615254590287805,0.7066700840368867
2,0.6565953750396147,0.6950122499838471
3,0.6613345419755206,0.6951403340790421
4,0.6729836250888184,0.7045786250382662
5,0.7260405829874799,0.7226054579950869
6,0.6710689580067992,0.737323582987301
7,0.678124750033021,0.7125994999660179
8,0.6558344159275293,0.689139875001274
9,0.6642212499864399,0.696579874958843
