iteration,openmm_time,gromacs_time
0,4.443624019622803,2.022246837615967
1,4.470536947250366,1.6506431102752686
2,4.249251842498779,1.6042900085449219
3,4.266941070556641,1.6016488075256348
4,4.11965012550354,1.5920062065124512
5,4.163697957992554,1.792295217514038
6,4.014992713928223,1.7549502849578857
7,4.007678031921387,1.8289380073547363
8,4.188657999038696,1.5783131122589111
9,4.229873180389404,1.6211316585540771
