iteration,openmm_time,gromacs_time
0,2.793948173522949,0.20179200172424316
1,2.7288730144500732,0.33466005325317383
2,2.7172999382019043,0.1405949592590332
3,2.769882917404175,0.13837695121765137
4,2.8867380619049072,0.13881683349609375
5,2.736124038696289,0.16256308555603027
6,2.8251969814300537,0.14097094535827637
7,2.693000078201294,0.14119672775268555
8,2.8619110584259033,0.2802419662475586
9,2.7213079929351807,0.14181089401245117
