iteration,openmm_time,gromacs_time
0,5.596042707999004,3.7131604999995034
1,5.48813650000011,2.600925707996794
2,6.132135415999073,2.7119883749983273
3,5.707246916997974,2.4178071249989443
4,5.727508040999965,2.348743334001483
5,5.6625955420022365,2.707913375001226
6,5.503325666999444,2.5509258749989385
7,5.588025875000312,2.3181116660016414
8,5.689096707999852,2.2769045410022954
9,5.795178500000475,2.350118834001478
